Keyword,TotalSales
set,5717733.22
of,4426400.43
bag,4319766.59
red,3808871.74
heart,3211939.86
vintage,2911824.47
retrospot,2894993.14
white,2390354.34
jumbo,2329758.1
design,2319693.07
box,1995818.76
pink,1994909.11
christmas,1904028.26
cake,1872062.3800000001
holder,1779781.39
tlight,1717253.52
metal,1578096.44
hanging,1535984.75
bottle,1468873.36
hot,1446235.55
paper,1406783.99
lunch,1384397.1199999999
water,1381583.1500000001
tea,1357477.65
regency,1304173.15
and,1286836.71
sign,1255772.26
blue,1209780.16
doormat,1200864.42
in,1199917.63
glass,1108964.04
home,1049266.73
tins,1034760.37
pantry,1011244.78
wooden,936652.5599999999
black,887696.82
small,884602.2
cream,881203.72
polkadot,880676.04
kit,857964.25
tin,843212.49
large,842585.82
frame,831515.55
pack,813398.96
bunting,802815.63
with,800875.0599999999
cases,795355.95
s,760894.72
wicker,756920.37
paisley,727531.34
wall,720364.65
ceramic,703561.22
assorted,698770.25
green,697877.97
tier,693772.16
union,679332.51
love,676701.16
clock,662868.66
antique,649988.51
colour,647257.64
spaceboy,637655.24
silver,621790.01
mini,619534.66
chain,615079.43
cutlery,610436.3
wood,590902.3099999999
drawer,574905.36
dolly,553779.19
ivory,550438.89
rose,549147.24
woodland,533047.03
keep,530441.68
calm,527833.48
card,527257.82
party,523070.2
cakestand,521508.87
mug,510497.06
jam,508805.56
childrens,503218.41
bird,502989.01
girl,494413.16
decoration,494332.5
storage,479974.85
postage,478721.6
london,477299.04
hand,474553.11000000004
finish,471680.3
sweet,459083.6
fairy,452383.8
i,451090.44
feltcraft,450544.06
charlotte,447186.73
garden,444542.68
jack,443374.79
boxes,443097.5
round,442539.97000000003
alarm,427659.32
light,427540.14999999997
bakelike,424964.44
picnic,423009.1
dotcom,412490.96
chocolate,411393.4
lights,407075.45
gift,405867.3
knob,405611.29
jar,397592.45999999996
warmer,396017.75000000006
doily,392107.68
strawberry,386257.29
dog,380951.21
bowl,376608.36
cover,376550.89
suki,368927.15
coffee,368172.24
star,366930.37
skull,364562.36
zinc,362769.67
saucer,362307.4
night,356994.27
basket,348990.77
baking,346288.76
art,343902.12
stand,341089.87
teacup,337712.15
trinket,336718.10000000003
alphabet,325293.63
sweetheart,324558.08
diner,317535.99
candles,317402.01
board,315633.77999999997
hearts,310998.49
snack,304748.71
roses,303283.66
ant,300300.95
edwardian,298569.85000000003
cabinet,294009.14
making,290696.57
wrap,284687.08
natural,281352.97000000003
flower,281016.56
hook,277738.32
candle,277358.86
plasters,276689.99
spot,272083.19
photo,269990.37
rabbit,266035.63
spotty,262711.59
egg,259660.39
plate,258040.43999999997
sugar,258014.44
traditional,256408.93
victorian,256119.83
cup,255824.57
craft,247507.46
gingham,246137.02
enamel,245571.1
piece,244655.63
sewing,242830.79
towels,241570.99
cushion,240198.0
birthday,239517.57
apples,236482.8
ornament,235838.91999999998
the,235209.34
record,233970.28
kitchen,233048.44
bin,232480.41999999998
leaf,232398.81
led,231405.66999999998
style,230525.96
milk,230156.4
french,227141.24
picture,224741.08000000002
slate,223246.75
recipe,222657.93000000002
or,220756.33000000002
come,219392.34
cookie,218001.31
bread,217233.87
flag,216835.74
butterfly,215245.51
garland,214278.98
parasol,213096.95
classic,203677.23
lantern,203076.42
pencils,197377.94
sympathy,196154.94
tree,193905.75
knack,192501.96000000002
knick,192501.96000000002
chalkboard,191947.13
shopper,186120.46
jars,185827.18
jug,185551.78
felt,184963.33
pot,184748.82
english,184169.63
napkins,183527.65
babushka,182113.5
doilies,182044.06999999998
ribbons,181937.88999999998
magnets,180359.45
circus,179883.63
parade,179883.63
tube,178586.32
block,178144.84
apron,177834.24
table,177803.57
skulls,177441.84
cat,175934.02
scandinavian,174760.84
doiley,174110.86000000002
yellow,171164.46
one,169181.95
bell,168075.84
pad,167007.77
pieces,165920.04
toadstool,165836.03999999998
grow,163704.47
happy,162626.34
mirror,162526.4
top,161772.9
book,161156.51
person,160707.27000000002
animals,160551.63999999998
kneeling,159016.88999999998
owl,158313.1
a,157996.35
travel,157609.82
time,156435.18
tonic,155708.22
stripe,155542.51
it,154723.66
food,154551.41
retro,154164.0
baroque,153422.09
ribbon,153131.78
reel,153097.81
painted,152975.49
font,152353.08
baby,151794.0
rustic,151519.35
fancy,151473.72
gardeners,150455.37
hanger,148821.33
lid,147350.17
cards,146986.74
apple,146549.01
doll,146336.53
spice,146193.96
harmonica,146185.56
rotating,145016.47
rack,144908.45
hldr,142924.65
lace,141979.04
gin,141090.58
cutters,140792.34
magic,140571.1
pears,140244.68
please,138407.12000000002
building,138231.56
word,138231.56
pen,136616.69999999998
ball,136180.8
biscuit,135822.29
game,135801.04
acrylic,135324.24
school,134720.38
gloss,133057.81
lip,133057.81
coat,131956.92
angels,130711.15
chest,130450.73999999999
tlights,129501.58
scottie,128200.75
scales,127971.75
sunflower,127510.28
tissues,127173.25
container,127055.89
flytrap,124862.15000000001
diet,124601.7
on,124599.76
plant,124573.47
popcorn,124397.62999999999
breakfast,124018.39
lola,123884.96
easter,123547.23
organiser,123370.55
teapot,123199.13
welcome,122594.3
bells,121837.34
tray,121137.45
pc,120537.85
treasure,119303.11
calendar,119140.67
landmark,118957.6
shape,118733.59999999999
owls,117359.35
your,116833.44
poorly,114627.87000000001
am,114627.87000000001
so,114627.87000000001
ice,113862.17
shelf,113306.52
bowls,113278.62000000001
scented,113196.26999999999
grey,112214.28
hottie,109442.65000000001
woolly,109424.95000000001
single,108383.29
dinner,108198.88
knitted,107932.55
empire,107915.22
chilli,107536.12000000001
money,107248.56
childs,107144.77
wine,106825.54000000001
fruits,105667.22
wreath,105166.86
toy,104792.41
umbrella,104727.6
cook,103982.70000000001
chick,103338.38
mat,101225.4
printed,101099.56
decorations,100886.11
roll,100191.1
own,99669.09
shed,97482.6
door,97080.27
floral,96897.18000000001
giant,96398.43000000001
recycled,96177.63
blocks,94714.84999999999
stars,93822.84
charlie,93722.64
bottles,93299.19
acapulco,92663.88
memoboard,91881.16
wire,91727.27
cottage,91072.17
cornice,90927.64
kids,90698.26000000001
princess,90442.84
memo,90070.63
pan,90033.84
shoulder,89944.52
crackers,89102.75
moulds,88668.0
beaker,88308.37
advent,87783.02
filigree,87694.77
bank,87412.802
paint,87005.29000000001
fan,86789.88
sketchbook,86787.27
asstd,86647.23999999999
wallet,86299.28
medium,86097.3
can,86096.64
cars,85692.52
for,85418.98999999999
new,84336.54
silk,84304.58
key,84304.03
family,84041.78
up,83876.57
playing,83373.97
jelly,82111.15000000001
house,82018.08
triple,81999.65
crate,81325.26
tags,81204.87
cotton,80791.74
park,80507.67
frying,80186.92
jingle,80178.23999999999
skittles,80095.96
towel,80095.94
ring,79988.35
over,79240.55
friends,78709.86
mould,78456.9
cakes,78356.89
take,77361.83
leave,77361.83
flannel,77342.52
dinosaur,77286.68
decorative,76634.48
dish,75719.12
cubes,75575.25
ruler,75040.34
england,75021.21
cm,74846.95
tidy,74845.1
tails,74701.1
heads,74701.1
homemade,74411.0
world,74395.73
gumball,73736.04000000001
coloured,73564.19
sticker,72907.12999999999
w,72567.78
colours,72559.04
peg,71824.20999999999
folkart,71286.52
bucket,71199.78
bicycle,71099.44
notebook,71039.8
scotty,71007.6
baths,70941.68000000001
doorstop,70786.17
measuring,70164.74
patterns,68908.36
designs,68721.26999999999
pegs,68434.54999999999
gliders,67939.65
war,67939.65
mint,67577.38
colouring,67227.72
botanical,66709.57
honeycomb,66671.91
lovebird,66296.19
deluxe,66258.15000000001
teatime,66076.31
pottering,66034.14
oven,65936.99
watering,65818.83
folding,65196.479999999996
jigsaw,64689.22
diamante,64157.0
cutter,64082.05
parisienne,64038.89
shaped,63982.020000000004
charm,63883.479999999996
bundle,62739.649999999994
books,62739.649999999994
sundae,62395.6
toys,62035.05
airline,62031.73
size,61586.24
to,61433.595
orange,61261.61
purse,61153.62
tv,60870.22
letters,60161.72
doughnut,60149.07
nesting,59849.920000000006
jewellery,59777.25
tall,59454.799999999996
reindeer,59243.799999999996
funky,59000.68
herb,58970.630000000005
jewelled,58923.51
birdcage,58251.63
glove,58098.89
sticks,57753.6
our,57658.55
four,57578.69
spots,57398.9
pannetone,57102.99
no,57085.72
clear,57017.22
gold,56707.73
engraved,56516.340000000004
fawn,56444.15
washing,55769.83
angel,55382.33
horse,55244.0
flock,54909.68
oval,54702.87
glaze,53271.52999999999
clothes,53191.59
trellis,53012.53
plates,52417.18
purple,52310.6
apothecary,52300.98
loaf,52127.4
bathroom,51997.37
singing,51706.240000000005
album,51575.95
napkin,51523.13
multicolour,51360.7
daisy,51268.68
sleigh,51167.99
secret,51142.4
stickers,50905.29
bunny,50775.979999999996
d,50764.84
crackle,50183.899999999994
multi,50155.27
rounders,50137.88
sack,50037.16
dove,50029.119999999995
list,50013.799999999996
matches,49976.69
fluted,49617.04
balloons,49400.55
baskets,49367.299999999996
rope,48821.119999999995
village,48624.0
toilet,48529.44
backpack,48260.05
morris,48219.83
cosy,48170.85
place,48119.7
scent,47956.2
brush,47816.63
petit,47786.14
pattern,46830.659999999996
man,46770.560000000005
recycling,46543.02
brown,46166.49
embroidered,45618.51
guns,45582.12
holly,45453.6
buffalo,45348.03
bill,45348.03
glitter,45154.1
stationery,45104.12
seaside,45100.36
ladder,45057.5
parcel,45021.7
notebooks,45021.7
exercise,44974.7
rocking,44973.37
dominoes,44918.82
lavender,44847.77
croquet,44716.84
stool,44609.43
thermometer,44476.92
bracelet,44424.03
playhouse,44422.530000000006
poppys,44422.530000000006
shopping,43790.85
soft,43790.53
flowers,43562.0
me,43350.3
charms,43336.85
portrait,43132.79
drawing,43118.55
crystal,42970.31
etched,42934.52
stop,42866.0
marker,42418.67
cut,42212.79
ladies,42196.12
skipping,41866.72
keepsake,41835.77
tote,41702.69
vanilla,41535.83
beware,41512.8
only,41381.47
make,41139.48
office,41117.3
girls,41042.51
pin,40988.79
bus,40764.6
stamp,40602.25
bath,40598.81
magnetic,40421.56
candleholder,40275.41
drawers,40055.67
seat,39892.86
hammock,39781.51
soldier,39625.159999999996
cupid,39601.130000000005
letter,39583.8
strongman,39314.52
tissue,39290.83
teacoffeesugar,39233.909999999996
kings,39211.55
choice,39211.55
bon,39089.64
bauble,39067.11
little,38839.619999999995
holiday,38776.0
way,38746.700000000004
this,38509.100000000006
chateau,38493.55
area,38468.96000000001
g,38408.02
stocking,38300.659999999996
gymkhana,38220.04
big,38001.909999999996
string,37865.18
birdy,37526.950000000004
gentlemen,37504.92
mobile,37496.24
leaves,37483.45
charlielola,37474.56
snap,37331.13
first,37021.76
biscuits,36938.54
gingerbread,36823.6
gloves,36760.83
swirly,36755.21
cups,36748.05
lamp,36723.12
confusing,36455.7
youre,36455.7
billboard,36447.090000000004
puppies,36224.76
tape,36102.49
marbles,35833.36
turquoise,35814.23
lids,35767.5
point,35652.75
crates,35569.25
market,35569.25
open,35428.8
save,35382.18
planet,35382.18
chalk,35381.71
patrolled,35292.36
is,35163.82
choc,35071.39
baubles,35056.97
street,35043.2
knitting,34901.81
aid,34787.21
fringe,34761.55
willie,34565.1
winkie,34565.1
potting,34406.22
raffia,34394.7
aged,34384.1
trim,34199.9
feather,34083.43
placemats,33874.04
fork,33540.73
enchanted,33000.96
cherry,32982.96
windmill,32958.78
toadstools,32849.41
cats,32628.760000000002
soldiers,32416.59
jet,32228.16
rolling,32179.109999999997
beaded,31828.09
square,31827.600000000002
fridge,31816.71
campagne,31690.92
ma,31690.92
closed,31636.32
beads,31622.53
hooks,31616.68
pencil,31605.030000000002
six,31365.04
decoupage,31281.190000000002
chinese,31262.12
sock,31232.98
spring,31225.51
iron,31022.75
boxed,31014.15
setting,30971.02
day,30956.22
rectangle,30928.649999999998
tile,30794.57
paris,30777.030000000002
rain,30710.559999999998
strawbery,30638.5
soap,30506.56
fun,30200.24
candy,30171.76
postcard,30103.63
balloon,30033.06
nancy,29976.6
cafe,29733.87
elephant,29676.41
necklace,29528.68
wick,29408.28
spoons,29364.76
carry,29170.8
bull,29004.02
modelling,28803.78
clay,28803.78
boys,28709.1
stick,28623.129999999997
flying,28555.54
cracker,28138.36
fruit,28037.329999999998
bead,27968.829999999998
circular,27854.07
puddings,27607.04
revolver,27559.32
dressing,27466.350000000002
santa,27462.15
you,27355.489999999998
poppies,27265.98
full,27257.04
jardin,27178.47
brocante,27132.2
served,27040.02
tablecloth,27035.899999999998
lucky,26965.95
deco,26932.52
ollie,26775.36
beak,26775.36
eggs,26712.61
chasing,26701.35
mushrooms,26634.16
donkey,26605.74
tail,26605.74
grand,26426.8
magazine,26363.13
fob,26337.370000000003
ducks,26275.4
stripes,26214.57
laundry,26195.26
fashion,26037.25
camden,25828.6
town,25828.6
chicks,25609.899999999998
molly,25511.07
peace,25501.62
camouflage,25500.13
cacti,25217.09
foot,25189.75
swiss,25082.28
im,25020.4
drop,24798.53
pick,24721.850000000002
pocket,24666.07
mistletoe,24614.24
cocktail,24544.8
hen,24535.829999999998
two,24501.48
life,24389.07
cabin,24361.36
tale,24240.8
slice,24161.45
merry,24130.48
dairy,23984.07
maid,23984.07
safety,23911.8
licence,23704.8
blackblue,23677.510000000002
frutti,23665.96
tutti,23665.96
pancake,23598.8
boot,23553.42
baseball,23545.12
stamped,23488.38
her,23378.7
crochet,23368.15
queens,23246.56
guard,23246.56
olivia,23220.88
stencil,23188.95
smiley,23151.09
foil,23118.120000000003
curio,23011.94
repair,22885.84
scissor,22734.76
blossom,22658.93
greeting,22631.24
mirrored,22551.83
disco,22511.99
wool,22471.32
citronella,22458.23
candlestick,22426.31
straws,22351.38
island,22328.88
images,22194.280000000002
abc,22114.920000000002
bags,22050.06
lanterns,22033.48
forest,22003.239999999998
diva,21961.53
butter,21930.29
bomb,21872.600000000002
stripey,21760.41
gardens,21746.079999999998
amelie,21732.16
embossed,21703.38
modern,21627.24
catch,21529.55
teddy,21478.420000000002
de,21463.079999999998
pearl,21435.84
le,21280.85
snakes,21188.1
ladders,21188.1
cardholder,21106.38
patches,20990.61
mosaic,20983.76
piggy,20955.54
danish,20926.03
snowmen,20797.52
poncho,20770.17
wish,20561.0
pistachio,20365.95
spinning,20329.68
tops,20329.68
cupcake,20244.37
pudding,20162.5
tokyo,20143.16
passport,20076.350000000002
basil,20009.74
sideboard,20000.0
seventeen,20000.0
vinyl,19940.64
fabric,19869.39
double,19869.100000000002
covent,19848.04
pens,19780.3
butterfiles,19752.36
leis,19739.48
fonts,19721.76
canvas,19703.129999999997
collage,19692.6
mushroom,19482.87
chicken,19407.3
filigris,19392.52
army,19353.56
supplies,19325.0
oxford,19322.12
luggage,19310.88
naughts,19309.829999999998
crosses,19309.829999999998
song,19274.460000000003
hill,19272.28
notting,19272.28
giraffe,19268.67
settings,19261.1
lolly,19253.44
birdhouse,19252.93
ocean,19184.21
padded,19079.24
porcelain,19015.89
tradtional,18969.64
bridge,18965.48
nativity,18944.24
rosie,18904.780000000002
holders,18872.45
refectory,18856.47
medina,18820.49
opener,18800.600000000002
pizza,18752.04
folk,18722.84
novelty,18656.6
gazebo,18614.07
occupied,18532.35
vacant,18532.35
c,18514.61
chic,18363.01
drawerknob,18347.48
tag,18336.92
cigar,18326.04
blackboard,18264.12
dispenser,17900.239999999998
figures,17887.2
trays,17822.85
note,17764.949999999997
clips,17728.04
mice,17711.82
chandelier,17707.53
swirlglass,17634.95
earth,17598.3
brocade,17590.77
planter,17589.19
spotted,17542.1
salt,17483.46
pepper,17483.46
pharmacie,17424.239999999998
cloche,17402.34
parasols,17265.84
respectable,17239.14
coaster,17227.45
dec,17213.8
pants,17164.35
unit,16982.28
tealight,16949.16
grocery,16939.65
writing,16894.35
strainer,16844.87
emily,16843.52
cones,16788.54
perfume,16709.440000000002
handbag,16634.579999999998
pedestal,16577.0
filler,16552.4
polyester,16552.4
chocolatecandle,16377.5
crayons,16288.52
china,16265.27
bone,16265.27
frill,16215.519999999999
caravan,16195.56
keys,16134.869999999999
crossbones,16128.0
xcm,15851.08
number,15808.13
sponge,15796.98
incense,15773.87
snow,15734.6
baker,15721.08
placemat,15637.81
puncture,15535.960000000001
hamper,15514.149999999998
mix,15488.22
envelopes,15464.4
coathanger,15457.12
earrings,15437.06
fresh,15379.380000000001
wash,15360.89
woven,15312.91
mugs,15268.04
goose,15188.150000000001
bunnies,15176.78
valentine,15046.1
bubblegum,14991.84
coasters,14962.57
magnet,14911.869999999999
carriage,14888.61
snowy,14753.6
lovebirds,14652.560000000001
nightlight,14474.599999999999
nicole,14461.800000000001
flowerpower,14415.840000000002
jubilee,14288.2
chrome,14262.279999999999
stuff,14214.539999999999
votive,14174.05
tropical,14092.74
moroccan,14078.33
parlour,14046.11
washroom,14041.89
rest,14029.08
pirate,14001.92
bedroom,13953.87
toast,13902.6
its,13902.6
gaolers,13887.92
witch,13802.37
neighbourhood,13802.37
scarf,13758.94
spade,13698.76
botanique,13677.65
chunky,13676.74
show,13673.32
bed,13668.64
torch,13631.19
blacksilver,13591.44
elixir,13567.720000000001
metre,13496.199999999999
slipper,13432.75
overnight,13398.0
quilted,13286.759999999998
bingo,13221.58
tongs,13202.460000000001
bonne,13197.58
laurel,13184.72
sweetie,13139.11
print,13121.59
belle,13118.32
jardiniere,13118.32
car,12851.99
beach,12791.67
chopping,12783.880000000001
sky,12778.66
chopsticks,12704.28
swallows,12681.949999999999
check,12615.85
frosted,12612.82
jazz,12606.32
wc,12558.75
ludo,12494.67
eau,12453.6
caddy,12434.68
monsoon,12407.640000000001
reds,12399.21
cube,12385.0
confectionery,12357.04
cupboard,12285.28
meter,12283.439999999999
origami,12270.98
pumpkin,12213.499999999998
cast,12200.1
cant,12165.86
if,12165.86
heat,12165.86
jewel,12097.65
hour,12071.95
savannah,11967.949999999999
pair,11937.76
teaspoons,11905.1
racing,11855.789999999999
message,11831.08
hairband,11808.5
sporting,11757.2
noel,11738.32
topiary,11701.38
makers,11696.64
airmail,11681.66
boy,11612.9
santas,11594.07
spoon,11517.18
lipstick,11510.0
du,11502.26
sud,11502.26
height,11484.900000000001
chart,11484.900000000001
gardenia,11482.93
clip,11461.93
illustrated,11458.71
confetti,11426.039999999999
animal,11408.26
scrubbing,11372.73
children,11340.32
boom,11328.14
flora,11322.85
boudicca,11320.84
stitched,11252.24
pillar,11146.83
romantic,10975.29
fine,10969.83
notepad,10968.76
wastepaper,10864.55
candlepot,10823.36
rosette,10815.509999999998
sandcastle,10810.0
flags,10810.0
birds,10795.890000000001
beurre,10791.15
n,10780.150000000001
farm,10663.6
present,10519.2
monkey,10455.15
all,10447.815
ticket,10445.25
utilty,10441.160000000002
musical,10434.0
invites,10428.31
hall,10414.119999999999
face,10312.96
funny,10312.96
milkmaid,10303.2
bear,10261.220000000001
cone,10240.4
thank,10195.48
sunset,10090.07
sex,9968.0
trees,9965.8
saftey,9944.359999999999
speaker,9896.12
cupcakes,9895.96
flu,9868.12
carnival,9846.33
ridged,9799.539999999999
linen,9756.41
trowel,9711.99
portable,9710.400000000001
chair,9704.45
livingroom,9659.220000000001
five,9614.36
throw,9583.41
robot,9552.39
cowboys,9536.28
med,9535.300000000001
pastel,9490.17
ass,9486.05
cooking,9466.4
lattice,9448.45
hair,9431.92
purdey,9429.5
keyring,9361.47
badges,9344.9
pig,9223.87
rococo,9216.02
rings,9137.38
flask,9106.64
des,9103.08
sheet,9094.24
pretty,9089.83
la,9083.52
calculator,9070.289999999999
mouse,9030.65
fire,8971.24
best,8941.34
washbag,8894.15
hexagon,8876.8
miniature,8844.349999999999
utensil,8709.19
toffee,8690.4
petals,8682.65
jeanpaul,8621.140000000001
swallow,8583.52
housework,8561.519999999999
marie,8554.3
dragon,8545.36
pots,8497.15
antoinette,8491.8
songbird,8472.76
curtain,8457.45
case,8386.5
herbs,8302.74
rocket,8247.880000000001
pinks,8226.51
sheep,8213.619999999999
pony,8161.6900000000005
secateurs,8159.88
polka,8153.06
beautiful,8123.800000000001
pearls,8106.48
shell,8046.21
sunrise,7987.71
bouquet,7970.079999999999
delight,7965.49
playtime,7963.860000000001
spiral,7959.5
marshmallows,7938.5599999999995
childhood,7921.72
frog,7904.389999999999
indians,7861.4
floor,7840.01
mitt,7820.4
snowflake,7818.14
psychedelic,7739.14
nest,7730.489999999999
diamond,7725.21
helicopter,7600.56
jungle,7556.8
popsicles,7556.8
poste,7555.599999999999
france,7555.599999999999
paperweight,7546.44
air,7525.1
hostess,7525.1
spike,7496.9
journal,7494.29
bedside,7472.75
fuschia,7472.14
elegant,7450.619999999999
tshirt,7430.9
lovehate,7378.68
beakers,7374.4400000000005
gentleman,7349.879999999999
shirt,7349.879999999999
pouffe,7339.59
digestive,7310.88
vine,7295.35
dress,7289.51
cashcarry,7288.4
rex,7288.4
mac,7213.36
circles,7158.2699999999995
bendy,7112.83
growing,7091.94
from,7091.94
celebration,7079.92
cloth,7077.0
nature,7030.3
chocblue,7024.68
tool,7014.36
copper,6999.85
doctors,6990.0
back,6981.780000000001
cherub,6978.719999999999
posy,6972.94
go,6950.17
colander,6949.26
socks,6937.3
mittens,6937.3
henrietta,6907.78
wedding,6907.62
drink,6894.6
wobbly,6809.0199999999995
twine,6808.02
cheese,6777.150000000001
tattoos,6760.92
transfer,6760.92
dinosaurs,6740.009999999999
afghan,6734.6
plaque,6703.53
shoes,6698.150000000001
button,6643.9
disposable,6631.3
sound,6609.85
steel,6591.45
memory,6585.4
measure,6556.32
mail,6553.75
junk,6553.75
buttons,6525.67
dot,6514.1
redwhite,6487.04
bubbles,6483.719999999999
salad,6477.53
bake,6476.66
ivoryred,6475.849999999999
champion,6426.2
lads,6397.4
incensecandle,6388.24
naughty,6379.16
regatta,6365.97
garage,6365.320000000001
football,6314.97
ping,6307.44
microwave,6307.44
nil,6278.34
puzzles,6218.32
us,6198.0
screwdriver,6195.6
pump,6180.24
pennant,6175.4
nile,6175.259999999999
peacock,6160.450000000001
salts,6160.450000000001
miseltoe,6140.400000000001
shutters,6120.0
quilt,6114.27
stamps,6098.24
emergency,6094.08
cosmetic,6088.7
polkadots,6035.19
my,6031.04
season,6020.96
bamboo,6015.25
orbit,5999.900000000001
fur,5978.76
faux,5978.76
stacking,5945.280000000001
provence,5884.2
penhot,5872.74
aluminium,5855.97
twist,5816.22
lily,5813.76
plastic,5756.34
camphor,5750.57
whitepink,5724.33
sombrero,5716.85
fair,5701.7300000000005
mum,5687.19
pinkwhite,5637.2300000000005
vie,5577.9
en,5577.9
mums,5570.34
moody,5506.5599999999995
skirt,5444.34
squarecushion,5437.85
platter,5414.12
flowerpot,5412.87
transport,5410.96
work,5409.4800000000005
play,5409.4800000000005
seed,5405.47
burner,5391.06
oil,5391.06
erasers,5356.51
knickerbockerglory,5355.0599999999995
monsters,5320.11
panettone,5319.13
pear,5298.36
dogs,5255.92
farthing,5216.5599999999995
penny,5216.5599999999995
madras,5181.66
duck,5146.84
days,5144.3
midnight,5143.47
mid,5143.4
kashmir,5131.049999999999
motorbike,5120.64
savoy,5120.52
georgian,5119.5
battery,5101.8
operated,5101.8
rotator,5085.0
front,5059.88
century,5037.65
les,5034.849999999999
enfants,5034.849999999999
basin,5002.44
cinammon,4969.49
wheelbarrow,4931.28
loves,4911.8
compact,4910.88
fannys,4870.92
stopmetal,4870.92
frames,4840.650000000001
wishes,4798.5
not,4783.59
do,4783.59
touch,4783.59
alpine,4715.8
tec,4715.8
hi,4715.8
fauna,4706.0
gnome,4702.8
base,4691.7
hawaiian,4687.28
evening,4686.25
heidi,4617.72
ahoy,4605.240000000001
curious,4594.39
patch,4593.0
hammered,4573.240000000001
joy,4550.52
scandispot,4549.12
dragonfly,4548.24
pastry,4545.06
bling,4508.95
jeweled,4470.4
susie,4407.12
cinderella,4407.02
spirit,4401.57
level,4401.57
keyrings,4382.219999999999
daisies,4381.74
summer,4375.32
standing,4371.99
hairbands,4367.599999999999
eucalyptus,4351.530000000001
pinecone,4351.530000000001
barrier,4317.45
cordon,4317.45
patchwork,4278.28
comb,4274.86
pompom,4273.8
envelope,4265.73
bohemian,4263.28
sophie,4249.4
loungemetal,4236.81
shade,4233.22
cowboy,4232.07
lampshade,4212.94
signcupcake,4191.0
candelabra,4175.52
kid,4167.76
artificial,4166.36
spaceball,4124.82
rainy,4115.08
amethyst,4077.55
desk,4019.0
brooch,4018.27
nursery,4015.85
sharpener,4014.84
rosemary,4010.9100000000003
pencoal,4006.74
haven,3994.56
rebecca,3985.52
tapes,3979.36
puppet,3955.5600000000004
hut,3937.67
boudoir,3933.1200000000003
enamelglass,3932.56
thyme,3925.0800000000004
murano,3916.77
sandalwood,3914.7799999999997
prince,3911.35
pebble,3905.92
villa,3868.42
tuscan,3868.42
rachel,3863.84
bib,3861.9199999999996
sally,3859.64
dollcraft,3844.9
rake,3837.28
snake,3833.71
chocolates,3829.2
pole,3828.2
parsley,3812.4
post,3811.02
adult,3803.32
amber,3799.11
pearlised,3768.7599999999998
bobbles,3748.95
mothers,3748.68
abstract,3732.63
rect,3731.1
mixture,3729.68
chalice,3728.08
camembert,3670.3500000000004
wrapping,3668.63
ladle,3668.2999999999997
banquet,3668.24
path,3667.98
shimmering,3664.56
meadow,3662.55
his,3661.32
perfectly,3651.85
nine,3637.48
muff,3631.68
ear,3631.68
headphones,3631.68
ruby,3628.37
tomato,3622.2
hippy,3584.04
queen,3577.35
skies,3577.35
next,3555.0
monochrome,3538.2000000000003
chives,3528.96
needle,3518.48
susan,3518.48
rim,3514.85
eraser,3513.75
lets,3512.04
suction,3505.4
toilette,3504.2400000000002
goblet,3497.2599999999998
three,3475.46
triangular,3440.1
sphere,3422.9
relax,3409.32
bonbons,3392.8499999999995
gum,3380.85
bubble,3380.85
pop,3380.11
labels,3373.35
ribs,3369.2
ingrid,3365.24
regal,3361.32
l,3361.26
col,3359.22
creepy,3358.71
crawlies,3321.21
more,3294.84
sticky,3292.12
doorsign,3271.36
personal,3271.36
fern,3221.52
truffle,3180.6
toxic,3176.6
local,3173.13
claire,3169.24
dutch,3157.5600000000004
wake,3145.85
cockerel,3145.85
marmalade,3144.75
doorbell,3141.32
wireless,3141.32
bain,3125.28
salle,3125.28
dark,3119.2599999999998
lightsfunk,3112.62
sleeping,3107.88
carrot,3098.2
cracked,3087.6299999999997
velvet,3074.28
sandwich,3068.4
paisely,3065.04
shark,3052.32
lounge,3040.6
penlight,3040.3799999999997
ladybird,3039.97
mop,3022.6000000000004
hurricane,2966.52
grass,2966.13
multicol,2929.2999999999997
traveling,2926.92
yuletide,2920.7000000000003
long,2913.0699999999997
tumbler,2911.85
address,2909.84
glamorous,2903.27
shop,2902.74
colourful,2896.52
room,2893.7999999999997
balls,2890.52
bluecream,2889.6
fishing,2856.6600000000003
frieze,2854.35
flore,2852.44
lilac,2844.06
sitting,2840.99
pale,2839.74
carrier,2824.12
turq,2808.9100000000003
notelets,2800.55
bar,2772.2000000000003
cubic,2766.12
gems,2760.6499999999996
space,2759.2400000000002
vase,2751.2799999999997
mixing,2747.4199999999996
ironing,2738.8
longboard,2738.8
pendant,2738.04
berries,2735.2
columbian,2733.24
octagon,2732.45
hat,2709.33
monster,2694.69
games,2680.5299999999997
mr,2679.6
field,2654.75
jasmine,2654.42
chime,2646.05
leap,2643.23
weekend,2639.25
inflatable,2636.94
urban,2611.0499999999997
cute,2594.89
fruitbowl,2587.16
cage,2577.88
juicy,2553.25
feeder,2548.42
country,2544.23
nurses,2538.12
lazer,2530.5
screen,2525.85
lime,2523.9
eight,2521.38
feng,2520.92
shui,2520.92
gemstone,2511.1800000000003
moon,2489.5
glamour,2488.45
asst,2486.12
planters,2431.1
motoring,2427.2400000000002
beaten,2422.06
tassle,2413.15
crowns,2396.65
chalet,2395.2799999999997
snowstorm,2389.7999999999997
bee,2382.05
dotcomgiftshop,2376.69
hare,2375.9
balm,2373.66
essential,2373.66
rosebud,2360.56
grinder,2349.84
doorknob,2341.7999999999997
bitty,2338.24
forties,2335.84
hairclips,2335.84
toothpaste,2330.25
baroquecandlestick,2328.72
sandlewood,2321.48
circle,2320.7999999999997
helga,2320.24
wildflower,2312.61
voucher,2307.42
poster,2289.3
political,2279.67
globe,2279.67
swords,2266.2599999999998
kensington,2253.51
dovecote,2250.9
phone,2241.85
bulb,2226.64
hyacinth,2196.4
hoop,2193.25
licorice,2186.0
toastrack,2164.1400000000003
mexican,2159.07
corona,2159.07
popart,2157.8
bow,2145.15
drawstring,2143.3
incensecand,2122.4
mod,2120.73
shoe,2117.6099999999997
chrysanthemum,2114.64
bertie,2111.23
bright,2107.23
blues,2107.23
flowe,2092.65
corer,2090.64
cluster,2083.3
rattle,2075.55
pinkpurple,2071.77
bows,2068.8
whitered,2052.08
finger,2037.44
radio,2034.96
candystuft,2033.8
travelogue,2031.65
liners,2027.2499999999998
handle,2019.7299999999998
condiment,1995.1
carousel,1990.8999999999999
fields,1985.1200000000001
poppy,1985.1200000000001
frappucino,1977.76
lizard,1975.5
frost,1971.16
redcream,1969.6
scotties,1967.0099999999998
lolita,1958.6
incensecandl,1937.3999999999999
swagat,1929.4199999999998
namaste,1929.4199999999998
starstrees,1924.74
gauze,1921.32
photoframe,1918.6499999999999
class,1915.8
whisk,1911.56
strap,1904.3999999999999
cockle,1883.1000000000001
hangers,1881.3500000000001
disc,1879.59
fruitflowers,1876.2800000000002
champagne,1870.25
crazy,1868.56
shine,1839.51
cosmetics,1835.95
hopper,1825.05
laquered,1823.9200000000003
taper,1817.6699999999998
hello,1796.5
sailor,1796.5
str,1787.6399999999999
panda,1779.1499999999999
st,1769.77
vegetable,1768.56
dads,1714.11
flowr,1713.8000000000002
mrs,1707.6
geometric,1705.95
denim,1703.9499999999998
maria,1685.91
hearticecream,1685.61
classical,1677.36
butterflies,1664.4399999999998
glasssilver,1653.1399999999999
favourites,1651.8000000000002
stud,1641.6
camo,1618.16
bonheur,1613.6999999999998
raspberr,1578.65
icon,1567.76
out,1548.1999999999998
faceted,1526.68
bangle,1526.68
suede,1522.4400000000003
snowflakes,1520.16
instrument,1518.6499999999999
halloween,1517.75
ghost,1517.75
turqred,1508.16
medicine,1497.5
mixed,1482.25
nuts,1482.25
delphinium,1475.8000000000002
necklac,1464.45
palmiera,1451.32
scissorpointed,1442.84
edge,1442.84
sequin,1437.5
bullet,1434.5500000000002
clean,1434.5500000000002
rainbow,1425.06
expandable,1420.08
clam,1419.5100000000002
kukui,1412.15
coconut,1412.15
charger,1397.65
smokey,1380.6299999999999
swinging,1377.28
spaceman,1374.6899999999998
smallfolkart,1374.28
creatures,1360.88
cactus,1360.5
bdraw,1338.75
memories,1336.32
slide,1333.44
cinnamon,1332.8
legs,1330.1499999999999
mousey,1330.1499999999999
rectangular,1305.27
madeline,1300.6399999999999
ninja,1288.59
tassel,1288.05
kashmiri,1286.6000000000001
windsock,1284.5700000000002
charlielolaextremely,1284.0
busy,1284.0
shells,1282.38
hunt,1280.82
start,1280.82
tit,1267.65
crested,1267.65
roccoco,1243.41
rabbits,1239.5
strand,1230.87
lovely,1229.76
bonbon,1229.76
jade,1225.89
shelving,1199.0
jampot,1191.8400000000001
bfly,1190.1000000000001
rubber,1188.46
polished,1157.0
vint,1150.92
shapes,1128.05
support,1120.8
strawberries,1120.02
stopper,1117.3
opium,1111.6799999999998
m,1106.8999999999999
sand,1103.43
george,1097.41
dream,1095.24
carlo,1093.12
monte,1093.12
slides,1089.71
tub,1084.1599999999999
necklacebracelet,1083.31
maids,1081.77
roman,1073.65
cadet,1070.16
strawbry,1069.8
decowhite,1066.1200000000001
pinkblue,1061.34
spatula,1060.08
beetles,1059.57
groovy,1051.59
eye,1050.2
tigris,1050.2
gymkhanna,1047.3600000000001
dof,1036.95
gebra,1031.0
provencal,1021.95
portobello,1017.3199999999999
line,1016.19
mark,995.91
revolutionary,994.79
housekeeping,989.68
presents,982.2
stack,982.2
sage,979.92
grip,961.16
kitty,960.27
vegas,959.98
las,959.98
peach,956.9399999999999
embroidery,951.6
forked,950.1300000000001
dreams,939.93
old,934.5
kittens,930.5699999999999
silvermop,911.21
friendship,902.22
rubbers,892.75
barrel,889.92
dots,887.28
riviera,884.22
elvis,881.37
wchime,875.48
butterflycrystal,875.48
combo,869.05
economy,868.86
boxfunky,865.88
geisha,865.14
tiaras,864.24
glowing,864.24
footprints,860.25
shower,859.8699999999999
cap,859.8699999999999
peony,858.4000000000001
women,853.4
booze,853.4
sharpeners,849.93
cartoon,849.93
cmxcm,841.0
carpet,831.6
tie,831.5
lariat,830.8100000000001
metalic,830.4399999999999
cordial,817.14
blackwhite,809.23
lightbulb,808.76
gents,797.96
fooddrink,783.72
crystalglass,775.9200000000001
posies,773.2
tortilla,756.9499999999999
doors,749.1
sucker,741.9499999999999
buddha,741.8000000000001
head,741.8000000000001
plasmatronic,739.9
goldmop,738.64
xmas,737.7800000000001
sea,733.85
garld,700.12
sew,700.1
stones,696.22
scroll,680.2500000000001
discmirror,676.35
tropez,672.36
blkwhit,670.8000000000001
vegetables,663.0
fly,661.0500000000001
swat,661.0500000000001
mock,656.68
lobster,656.68
splodges,645.96
digitalis,640.7
blueberry,639.6
newspaper,633.9000000000001
glassshellpearl,632.46
budah,632.24
portraits,616.0
trellistriple,608.96
chrysanthemums,596.4000000000001
neckl,595.28
voile,587.85
montana,580.74
toybox,577.0
hydrangea,571.2
frangipani,569.77
starfish,569.25
skippping,567.05
display,565.95
climbing,562.5
hydranga,562.5
gerden,558.72
band,556.05
sweeties,554.48
olive,547.0500000000001
sanskrit,545.0
stonecrystal,543.36
account,529.76
down,520.0
push,520.0
copperolive,519.4
seafood,518.52
cd,507.15000000000003
fondant,507.0
ashtray,505.62
sprig,501.28
earring,498.45000000000005
hood,498.00000000000006
riding,498.00000000000006
sunglasses,495.42999999999995
aperitif,488.16
hairclip,486.78
candlestand,486.6
king,478.9
enginecar,478.6
icicle,475.0
raspberry,473.35
sweeet,468.75
citrus,468.0
silouette,465.79999999999995
marshmallow,459.0
stone,458.75
ream,453.15000000000003
blond,447.75
necklamethyst,443.8
resin,437.1
hilda,436.92
ccover,435.1
glassbead,428.79999999999995
wrecking,428.40000000000003
dinky,428.28000000000003
windchime,426.55
hairslide,425.28
vippassport,423.52000000000004
henchicks,417.0
vip,414.24
pill,403.21999999999997
pinkflower,403.04
foxy,402.64000000000004
ivy,397.5
pinkyellow,397.5
coney,396.72
station,396.0
feeding,396.0
necklblack,381.40000000000003
lenses,380.4
flames,380.4
run,380.0
tealfuschia,377.72
rucksack,377.65000000000003
farmyard,372.9
oyster,370.98
chambre,369.35999999999996
scrap,328.5
gel,328.32
jewelblue,320.43
ade,318.75
decoupagegreeting,317.26
bum,316.04999999999995
masala,315.0
dragons,313.32
blood,313.32
droplet,310.12
crome,309.6
hibiscus,305.52
k,303.5
cushions,302.415
pouri,302.40000000000003
highlighter,302.4
bili,299.45
nut,299.45
pool,298.8
overcrowded,298.8
waste,295.0
ol,292.62
crystals,291.23
burgundy,289.84
aqua,288.36
j,286.05
necklblue,285.6
decrotivevintage,284.32
stripy,281.11999999999995
gordon,274.0
e,266.0
chainthe,261.9
reto,261.0
necklturquois,256.32
barn,253.47
pointy,251.54999999999998
glasszinc,249.39999999999998
burst,243.55
pweight,243.18
sunjar,241.95
oriental,241.8
doughnuts,241.38
cardsquare,241.38
zincglass,236.79
silvercrystal,233.8
silveramethyst,233.72
studded,230.0
periwinkle,225.06
watermelon,217.47
lush,217.26
greens,217.26
sisters,215.52
wallhanging,209.52
milkshake,207.00000000000003
montan,206.55
diamon,205.05
silvernatural,204.0
miniture,204.0
jewelpink,199.65
kraft,199.20000000000002
incenseflower,199.08
cannister,193.65
goldamber,190.9
silverblack,189.39
potion,189.0
robin,184.62
h,183.79999999999998
artiifcial,183.6
foxglove,183.6
packing,180.0
charge,180.0
sparkly,179.64000000000001
feathers,179.28
fluffy,178.78
carryall,178.32
squeezer,173.88
transparent,170.32
butterfl,168.29999999999998
squ,168.00000000000003
silt,168.00000000000003
tiny,161.12
chenille,160.5
shaggy,160.5
freestyle,158.6
peridot,157.75
yellowpink,151.39000000000001
rnd,149.6
sculpted,149.6
lt,148.73999999999998
looking,148.5
stiletto,147.04
russel,147.00000000000003
doc,147.00000000000003
redblue,145.2
silvernat,143.8
tools,143.1
congratulations,141.70000000000002
cardpack,141.60000000000002
r,140.04999999999998
perfect,139.44
dusty,139.00000000000003
order,136.95000000000002
yellowblue,132.75
tahiti,130.44
necklgreen,127.2
tranquility,126.0
russian,126.0
cheerful,124.80000000000001
panel,124.35
partition,124.35
brass,124.05000000000001
b,123.85
butterfliespink,123.74999999999999
cannabis,122.39999999999999
greenblue,121.05
miror,119.69999999999999
pinkamethyst,119.39999999999999
orangewhtfuschia,118.98000000000002
lighthouse,118.80000000000001
artonly,118.80000000000001
cross,117.35
czech,117.35
collar,117.11
glow,116.76
dolphins,116.76
hensflower,114.93
allium,114.92
y,114.19999999999999
blueyellow,110.25
graphic,109.56
branch,107.25
tone,106.8
opal,105.65
wishing,104.76
oils,104.39999999999999
fragrance,104.39999999999999
heavens,104.39999999999999
dad,102.0
p,101.14999999999999
dia,99.72
girly,99.0
hardman,97.26
snowman,97.11
melamine,95.4
ribbed,95.4
braclet,91.35
quartz,91.35
wise,90.48
banner,90.0
hohoho,89.64000000000001
cote,89.37
dazure,89.37
bronze,89.25
angelpink,88.92
pinkgreen,85.8
cutglass,81.56
freshwater,81.4
doggy,81.06
resolution,81.0
high,81.0
image,81.0
v,79.89999999999999
snowdrops,79.68
ooh,78.94999999999999
yelloworange,78.88
f,77.14999999999999
draw,76.5
sow,76.32000000000001
topaz,75.8
tealaqua,75.8
goldie,74.25
gecko,73.08
pinkamethystgold,69.74000000000001
cab,67.76
electronic,67.76
usb,67.76
sizes,67.5
t,67.3
haynes,66.52
camper,66.52
antoienett,62.5
netting,62.4
bookcover,62.16
organdy,61.2
bea,61.2
tiled,60.75
necklaceleaf,60.0
demi,60.0
candleincense,60.0
choker,60.0
capiz,59.9
madonna,59.760000000000005
davids,59.760000000000005
laser,59.75
loveheart,59.699999999999996
z,59.199999999999996
xxcm,58.8
choir,58.2
ashtrayrevolutionary,58.199999999999996
flame,57.74999999999999
ponies,57.48
bluegreen,57.3
purplecopper,56.099999999999994
magical,53.28
stockings,53.12
hats,53.12
rasta,52.14
ceature,51.480000000000004
hold,51.300000000000004
ipod,50.94
boombox,50.94
chests,49.75
poodle,48.959999999999994
punch,48.75
hole,48.75
silicon,48.72
maxwell,47.099999999999994
page,47.099999999999994
nose,46.56
rudolphs,46.56
snowflakepink,45.9
lives,42.44
coasterelvis,42.44
dr,41.7
jams,41.7
stress,41.7
arouzer,41.7
spliff,40.8
anemone,40.56
purpleblue,39.519999999999996
goldfish,39.3
pet,39.3
blank,38.190000000000005
crawlie,37.5
beauty,35.400000000000006
o,34.099999999999994
opulent,33.68
minicards,33.199999999999996
glasses,31.500000000000004
poinsettia,29.880000000000003
char,29.82
bluenat,29.75
mummy,27.25
articulated,26.599999999999998
wsuck,26.599999999999998
mcolour,25.5
halls,24.900000000000002
deck,24.900000000000002
waterpump,23.28
triobase,22.95
ubolight,22.95
whitesilver,19.8
beadshand,19.68
wknif,18.0
camping,18.0
u,17.4
wsucker,17.0
crusoe,15.12
orangefuschia,14.940000000000001
mao,13.680000000000001
ltblue,12.159999999999998
wraps,11.7
men,11.64
triangle,11.64
icons,11.64
keychains,11.34
scallop,8.4
dotcomgiftshopcom,8.34
bazaar,7.5600000000000005
purpleturq,7.5
lilacred,6.6
guitar,4.25
dolphin,4.24
briar,3.8800000000000026
teddycake,3.8
blackchristmas,3.75
flowerbutterfly,3.75
pads,0.015
match,0.015
label,0.0
code,0.0
damages,0.0
chandler,0.0
smudgesthrown,0.0
smashed,0.0
see,0.0
sell,0.0
sets,0.0
sit,0.0
coded,0.0
had,0.0
breakages,0.0
broken,0.0
trading,0.0
possible,0.0
historic,0.0
hodge,0.0
damagescredits,0.0
destroyed,0.0
damagesdotcom,0.0
damagessamples,0.0
damagesshowroom,0.0
delivery,0.0
dotcomstock,0.0
ebay,0.0
did,0.0
differencese,0.0
stock,0.0
damagesdisplay,0.0
damage,0.0
damaged,0.0
sto,0.0
be,0.0
been,0.0
barcode,0.0
orders,0.0
imported,0.0
zero,0.0
website,0.0
wet,0.0
wetmouldy,0.0
wetrusty,0.0
whse,0.0
wrong,0.0
wrongly,0.0
merchant,0.0
showroom,0.0
jackie,0.0
john,0.0
incorr,0.0
incorrect,0.0
incorrectly,0.0
into,0.0
invc,0.0
dagamed,0.0
lost,0.0
lewis,0.0
crushed,0.0
computer,0.0
counted,0.0
sold,0.0
some,0.0
ctn,0.0
birdie,0.0
oops,0.0
mouldy,0.0
mrked,0.0
mystery,0.0
nan,0.0
as,0.0
aside,0.0
rcvd,0.0
away,0.0
awaycant,0.0
awayrusty,0.0
was,0.0
found,0.0
re,0.0
readjustment,0.0
ret,0.0
asos,0.0
alan,0.0
allocate,0.0
wax,0.0
pallet,0.0
palletthrown,0.0
madethrown,0.0
mailout,0.0
unsaleable,0.0
online,0.0
credit,0.0
credited,0.0
creditted,0.0
mia,0.0
michel,0.0
missing,0.0
mamage,0.0
marked,0.0
add,0.0
rusty,0.0
sale,0.0
sales,0.0
find,0.0
fix,0.0
fixed,0.0
samplesdamages,0.0
ta,0.0
retail,0.0
cargo,0.0
carton,0.0
ridge,0.0
given,0.0
adjustment,0.0
previous,0.0
printing,0.0
problem,0.0
taig,0.0
returned,0.0
reverse,0.0
temp,0.0
test,0.0
througha,0.0
thrown,0.0
tick,0.0
by,0.0
section,0.0
put,0.0
quick,0.0
ever,0.0
faulty,0.0
fba,0.0
entry,0.0
error,0.0
etc,0.0
came,0.0
tinsel,-6.720000000000001
flamingo,-9.9
canary,-15.0
samples,-3049.39
discount,-5696.22
charges,-14351.278
cruk,-15866.86
commission,-15866.86
bad,-32906.18
adjust,-33186.18
debt,-33186.18
manual,-68671.64
fee,-443041.0
amazon,-443041.0
